{
    "Silhouette": 0.7992019057273865,
    "DBI": 0.31616701731820174
}