{
    "category": "meals",
    "Silhouette": 0.8087015748023987,
    "DBI": 0.2853419528622432
}