{
    "category": "snacks",
    "Silhouette": 0.8068775534629822,
    "DBI": 0.28233734826217466
}